"zip_code","total_usage","total_revenue"
"75645","27569899.49","41127716.08"
"75078","26618280.57","40791760.65"
"75523","27201569.28","40121667.08"
"76202","25267027.95","39030359.22"
"75806","25573332.92","38858767.26"
"75346","25976099.52","37898707.50"
"75033","22701817.42","36731046.34"
"75482","23291614.50","36462086.76"
"76234","24010149.24","36222080.16"
"75200","22408855.92","35386630.84"
"75262","21005908.56","35317470.38"
"76064","22003620.21","33832916.63"
"76416","22006398.88","33582468.01"
"76417","21652699.25","33145955.70"
"76109","21853484.52","32935810.16"
"76095","20402307.18","32788957.89"
"76012","19971836.64","32632992.96"
"75959","21721877.58","32602241.88"
"75754","20627723.93","32568431.60"
"75590","20823870.60","32381727.69"
"76073","23327856.39","32265835.60"
"76377","21451682.00","32261418.00"
"75895","22731200.64","32063862.87"
"75922","21094651.29","32003102.00"
"76444","20136861.36","31992639.00"
"75999","21242750.40","31618739.24"
"76344","22575765.68","31537885.68"
"75787","19412235.19","31443534.34"
"75517","20326420.64","31291539.75"
"75254","21805750.21","31230913.60"
"75145","20304463.26","31188184.00"
"76228","19804854.86","31153561.53"
"76375","21204962.40","31056153.75"
"75894","19654818.66","31006051.12"
"76262","21886460.05","30835960.95"
"75736","21165143.09","30817208.84"
"76472","19970195.86","30740275.35"
"75328","20368564.86","30677437.11"
"76070","20604873.66","30605643.60"
"76363","19636721.20","30581554.92"
"75038","20152649.19","30574572.23"
"76127","19462744.00","30464088.14"
"76144","19372270.44","30446099.04"
"76192","20661659.96","30435731.43"
"75339","20580874.72","30373097.98"
"75149","20540713.50","30260396.52"
"75001","20529946.36","30237549.24"
"75410","20608301.69","30214466.20"
"75712","21223177.92","30139300.80"
"75130","18086916.28","30013329.59"
"76290","19069438.68","29804466.60"
"75707","19661840.45","29753130.66"
"76028","18046481.20","29737401.27"
"75857","17690160.84","29731572.50"
"76300","18542173.05","29718639.65"
"76188","22645410.48","29716655.64"
"76114","19991297.64","29700175.68"
"75342","17958368.00","29536609.22"
"76372","18970995.42","29528367.12"
"76292","18046320.40","29512463.76"
"76295","18659262.60","29501461.50"
"75163","18827177.62","29386679.01"
"75018","18450153.96","29376337.38"
"75313","19393193.50","29305314.62"
"75399","18305997.45","29212419.82"
"75841","20753910.36","29141699.04"
"75023","18639560.00","29094421.44"
"75654","21230690.65","29087391.60"
"75816","20071622.57","29070454.27"
"76034","20396479.82","29019892.59"
"75984","18743762.40","29017038.54"
"75854","19760656.60","28995083.04"
"76276","18673272.00","28984902.80"
"75219","18301113.87","28962284.80"
"75901","21125129.87","28849629.20"
"75550","19154397.99","28846295.79"
"75231","16853102.40","28845600.50"
"75039","16804956.44","28820682.99"
"76412","18409165.64","28813647.14"
"76059","17082207.73","28812493.20"
"75781","18126975.35","28801168.89"
"76424","21201654.72","28747441.10"
"75758","17217326.80","28747391.98"
"76089","20717279.39","28674853.20"
"76046","19928982.18","28613344.86"
"76132","20374425.60","28612378.08"
"76131","17972695.40","28589765.76"
"76066","18810060.91","28555025.97"
"76369","18925821.34","28551033.72"
"75716","17882006.58","28533037.32"
"75889","19623331.80","28523813.12"
"75624","18084001.68","28502133.33"
"75052","21417569.60","28460010.60"
"75732","17235702.94","28400261.37"
"75264","19256713.20","28396836.84"
"75381","16761202.20","28369376.00"
"75293","18198875.64","28345420.56"
"76033","19390269.40","28300598.43"
"76430","17968195.20","28278934.62"
"75054","19341180.51","28253985.14"
"75927","18514165.82","28185391.92"
"75311","17333590.29","28161054.45"
"75638","19471557.28","28157204.46"
"75585","18805124.52","28113309.00"
"76162","18358805.43","28107639.84"
"75306","17737270.76","28104986.88"
"76398","18895567.32","28044956.55"
"75978","18125484.30","28019033.53"
"75859","18853380.00","28001712.80"
"75489","17697621.90","27930637.14"
"76218","18594375.84","27926144.40"
"76493","18100432.35","27859047.30"
"76464","17198787.60","27838508.74"
"76425","17755642.80","27779533.40"
"75011","17898418.59","27728995.71"
"76186","19909836.00","27688215.60"
"75212","18543900.96","27683482.32"
"75980","17856713.70","27628825.68"
"76261","20122102.76","27501843.18"
"75207","18147584.25","27408944.03"
"75109","18322007.34","27406375.92"
"75184","16393828.40","27398636.28"
"75452","16933261.80","27389301.42"
"76149","17931200.80","27374891.06"
"75453","17520515.04","27367914.42"
"76467","17749760.76","27358790.34"
"75882","18746470.59","27350367.44"
"75530","17336747.01","27346329.02"
"75985","16969135.60","27343397.04"
"75404","19957453.25","27332831.08"
"75271","17713819.08","27278333.04"
"76277","17910252.00","27266612.34"
"76457","15484850.30","27250070.10"
"75318","16368121.56","27239281.11"
"75476","17305495.96","27223946.75"
"76491","20095737.48","27217530.41"
"75209","17513015.11","27192115.11"
"75511","18269476.31","27191055.78"
"75970","18044825.63","27157860.40"
"76251","19589216.76","27076941.45"
"76462","16169530.10","27044448.48"
"76328","18275614.62","27026864.64"
"75294","18809420.35","27009948.24"
"75561","18696248.64","26952658.56"
"75072","18803085.84","26929892.52"
"75568","17128947.60","26919126.52"
"75022","18689173.92","26915613.99"
"76204","18719851.41","26911249.56"
"75428","17818262.64","26871830.90"
"75769","17038887.60","26791716.24"
"75096","17361971.55","26779257.12"
"75900","17809926.64","26743735.59"
"76419","15750553.04","26659104.40"
"75682","17288160.04","26627661.06"
"76494","16888884.95","26599541.71"
"75451","17462043.00","26556326.89"
"75671","17225336.16","26549252.34"
"75483","16193485.20","26510036.19"
"75830","17843211.12","26494862.45"
"76203","17906020.28","26461489.86"
"76231","17617723.50","26445022.52"
"75811","18212513.50","26419475.60"
"75570","16911406.08","26344683.30"
"75874","16698376.96","26293609.04"
"75733","16278602.80","26276960.50"
"76441","17738766.68","26243480.71"
"75678","18789289.26","26219357.34"
"75084","16762562.19","26204229.92"
"75773","16885184.58","26174084.82"
"75401","17959320.00","26172304.29"
"75004","17452435.65","26129604.54"
"75236","15767783.08","26119868.04"
"76172","15942945.60","26102396.70"
"75408","15345625.50","26098238.14"
"76041","16588436.02","26098157.94"
"75267","16472754.09","26079753.60"
"75821","17664491.90","26074296.30"
"75905","18420566.22","26055695.40"
"75003","16534553.00","26044901.60"
"75572","16875988.36","26007092.43"
"75107","18449370.45","25955420.92"
"75659","16479980.40","25947223.56"
"76177","16344344.11","25930874.52"
"76451","17664615.94","25919342.06"
"76250","16122545.56","25871485.44"
"75388","15877650.24","25815835.50"
"76115","17511858.44","25806099.82"
"76106","17232481.20","25798561.92"
"76097","16606907.73","25787202.42"
"75270","16703969.40","25771940.61"
"75646","16112433.24","25751976.51"
"75591","16956437.14","25736667.84"
"75323","17576184.06","25645958.36"
"76246","16664484.24","25611832.80"
"75879","18013100.40","25599658.11"
"75497","17839126.40","25554956.13"
"76128","17394360.72","25537537.03"
"75194","17074192.00","25532113.88"
"76454","15959368.49","25523713.64"
"75137","19490527.80","25523619.60"
"76303","17021740.14","25521512.50"
"76040","17189391.18","25506111.48"
"75148","17770854.15","25499974.38"
"75804","16781626.50","25479026.40"
"75606","15287438.40","25468831.20"
"75799","16120134.45","25459752.24"
"76242","18014264.04","25445366.96"
"75553","16244882.19","25442582.32"
"75454","16539128.32","25387751.04"
"76353","16112231.20","25384874.30"
"76488","17775004.26","25384697.13"
"75316","15082869.90","25361758.78"
"75237","16748474.40","25360381.20"
"76137","17914309.24","25352482.02"
"76337","15425649.20","25352351.94"
"75677","15960222.52","25332428.62"
"75060","17222541.64","25299392.40"
"75392","17492061.17","25256157.36"
"75691","18545912.19","25245986.89"
"75448","17081536.30","25244468.55"
"76334","16155362.32","25226366.87"
"76022","17016056.28","25208068.95"
"75776","16455174.23","25190333.71"
"76403","18886652.49","25154839.02"
"75246","16105058.92","25147413.71"
"76271","17554521.61","25146303.00"
"75608","17108807.93","25137229.46"
"76308","17669784.35","25133081.75"
"75472","16586151.84","25131436.20"
"75734","15132332.16","25125510.40"
"76201","16573558.26","25102527.04"
"75298","16019937.02","25100127.50"
"76029","15177490.30","25058317.60"
"76460","14939190.08","25047389.95"
"76340","16429063.32","25002363.84"
"76163","16528795.80","24993204.96"
"76019","17614176.12","24987901.82"
"75353","17362001.74","24965470.74"
"75676","15909438.60","24965228.98"
"76167","15462787.20","24955293.00"
"75701","15997110.42","24954703.20"
"75322","16923474.75","24940044.09"
"75871","17635375.68","24932670.68"
"75128","16143627.62","24911372.58"
"76133","17082670.48","24868803.22"
"75009","16638815.60","24853161.63"
"75002","16910566.80","24846307.56"
"75906","17337321.32","24844068.98"
"75031","16333482.76","24820084.50"
"76069","16319734.20","24807566.55"
"76384","17598529.08","24803422.41"
"75186","16723547.10","24801688.32"
"75856","15282615.92","24778849.63"
"76283","14044844.43","24769029.60"
"76173","16280665.92","24765925.25"
"75375","16389567.30","24727179.15"
"75285","17028267.90","24708646.95"
"75248","15853127.20","24703479.04"
"75034","15121266.66","24702708.16"
"75932","17402981.08","24669619.38"
"75422","17106616.80","24662320.20"
"75926","16614292.00","24654909.94"
"75444","17656852.64","24639081.72"
"76370","16933894.20","24615635.20"
"75467","16925557.11","24611241.90"
"75233","17088521.84","24610406.85"
"75522","15327583.52","24602892.90"
"75892","15450061.98","24596345.28"
"76232","14485406.39","24586847.60"
"75661","17366214.32","24578540.19"
"76118","14508972.66","24563243.10"
"76112","16873653.38","24561576.26"
"75946","17532844.08","24516130.44"
"76030","16472287.44","24503066.14"
"76053","16971000.40","24500912.10"
"75427","14533433.26","24497868.36"
"75884","15448489.38","24481884.72"
"76243","17382842.02","24474714.60"
"75621","15116522.19","24474614.19"
"76199","15672749.64","24463516.46"
"76180","15784541.64","24453189.72"
"75708","15850513.44","24448260.24"
"75124","18177560.42","24443728.83"
"75695","15721322.32","24419790.75"
"75005","16363521.89","24417752.32"
"75309","14740691.40","24357839.20"
"76452","16792953.27","24309967.44"
"76443","14752214.28","24303709.81"
"75019","15016828.05","24299757.69"
"75139","16418912.00","24292620.13"
"75520","16515654.80","24290956.94"
"76347","15577317.20","24268584.90"
"75435","16624819.18","24262777.14"
"75459","14728979.10","24250849.20"
"75433","18968333.78","24197818.48"
"75070","16157034.18","24187257.72"
"76410","14439563.95","24165422.64"
"75658","14674837.51","24160623.20"
"76378","17224933.74","24145422.12"
"76354","16273085.73","24140715.25"
"75579","17123250.68","24135869.45"
"75696","15679777.74","24135425.64"
"76181","17006332.56","24102095.85"
"75548","17228039.87","24101814.72"
"76306","15629543.58","24100883.20"
"76076","15919174.60","24065439.73"
"76088","17010919.45","24044330.40"
"75577","15702309.75","24042585.18"
"75425","16263879.60","24033249.62"
"76395","16681059.90","24024247.80"
"76298","15915160.10","24010194.74"
"75335","16345696.20","24000812.64"
"76426","15985397.40","23983790.61"
"75325","15701109.47","23966131.32"
"75925","15394611.12","23953695.87"
"76032","14840965.86","23947071.00"
"75552","15916433.28","23945464.40"
"75667","16887574.55","23905095.48"
"75650","15485340.64","23903999.88"
"75694","14830168.96","23872067.64"
"76249","15024604.98","23862976.66"
"75910","15732142.11","23856171.90"
"75709","17307375.20","23835167.90"
"75899","16617380.36","23831967.04"
"75389","14674902.52","23822887.34"
"76150","15579252.56","23816993.40"
"75524","15206619.78","23803278.33"
"75689","17542708.00","23801849.75"
"75728","16625037.99","23794184.36"
"75683","15753715.47","23770809.03"
"75152","15559409.04","23760207.30"
"75819","16645118.88","23732496.84"
"75649","15464959.02","23721988.29"
"75546","14624540.00","23686258.35"
"75766","14462849.88","23653621.60"
"76316","15487210.20","23648082.86"
"75509","16621088.80","23598188.79"
"75791","15833217.97","23565289.84"
"75908","15582672.30","23558165.82"
"75510","15424289.79","23544213.99"
"75359","14691894.36","23507023.52"
"75146","15823643.18","23503741.76"
"75118","15781020.09","23500602.20"
"76078","14930814.98","23483234.95"
"75143","14266531.08","23469202.10"
"75097","14798685.98","23451207.52"
"75232","17020822.05","23443110.19"
"76020","15498124.95","23434813.94"
"76301","15792611.20","23425802.07"
"76079","17218017.74","23413914.65"
"75543","15261551.37","23412568.65"
"75580","14831659.15","23407959.72"
"75374","16290471.20","23398940.07"
"76222","16420970.52","23386008.96"
"75919","13443079.80","23369860.80"
"75259","16817118.12","23361011.90"
"75914","16066569.75","23357592.18"
"75518","16184041.02","23355275.07"
"75364","14430149.16","23349738.25"
"75757","14013486.58","23332629.88"
"76381","16417141.98","23331246.40"
"76360","16343778.75","23284937.20"
"75536","15375341.96","23278281.75"
"76379","14464170.42","23273157.72"
"75648","16277286.60","23263166.41"
"76191","14328721.53","23260185.65"
"75228","15903319.65","23244569.54"
"75941","15842689.60","23239273.05"
"75948","15771890.88","23231775.34"
"76099","14589401.40","23215600.80"
"75896","14566706.80","23209532.16"
"75938","15081960.72","23208141.25"
"75717","13188980.12","23203649.00"
"76274","17002933.86","23203365.36"
"75647","16156113.44","23193316.58"
"75913","15269927.01","23182674.55"
"75981","14559623.57","23173012.43"
"75911","16002460.40","23171956.47"
"75174","15491982.88","23147650.16"
"76282","15508671.90","23143423.80"
"76406","14084350.50","23135035.36"
"75916","15487293.03","23120769.36"
"75025","13784573.48","23105125.44"
"75664","16261366.06","23080515.85"
"75333","14883340.71","23080447.79"
"76450","15298524.50","23075136.35"
"75846","15137474.24","23072837.58"
"76220","15746455.90","23069274.96"
"76227","16802188.08","23069184.00"
"75631","14740161.24","23068872.27"
"75029","15837478.88","23061149.43"
"76257","16836378.65","23059041.58"
"75258","15869859.04","23055668.17"
"75931","16878904.94","23032633.94"
"75331","16919885.52","23004231.63"
"75966","16020387.70","22988757.24"
"75967","13903105.94","22963333.10"
"75956","17002977.16","22942451.20"
"75082","15875121.24","22933525.65"
"76043","15963192.42","22855001.28"
"76119","13844637.30","22844283.30"
"75158","15262129.87","22824871.44"
"76151","15934121.28","22820993.60"
"75419","15276184.20","22820890.78"
"76312","12823991.34","22799489.66"
"75592","15941415.44","22796920.48"
"75008","14446381.60","22794514.89"
"76045","15258471.03","22794479.18"
"75837","15172726.72","22777607.60"
"75286","13702034.34","22772846.25"
"75768","15065658.96","22771899.75"
"75619","14493016.32","22749872.80"
"75277","16886599.68","22746028.40"
"75144","16973438.52","22733583.21"
"75415","14518928.28","22721032.29"
"75680","12773578.22","22707450.32"
"75441","14911383.60","22699479.36"
"75239","13885173.89","22693872.63"
"76397","15674195.92","22676466.24"
"75481","14863885.08","22647626.46"
"75915","16324134.75","22638662.75"
"76111","14780022.00","22634893.78"
"75704","14328084.60","22623212.40"
"75602","14269170.30","22604793.27"
"75983","14816628.30","22598475.90"
"75491","18260111.60","22596852.54"
"75753","16154689.96","22596659.75"
"76216","14459485.64","22583089.87"
"75283","14204694.00","22563102.37"
"76107","16629766.65","22559938.80"
"75827","14698050.02","22529568.27"
"76135","14217224.10","22525285.87"
"75213","15685522.94","22523214.60"
"75185","16404573.76","22515235.20"
"76082","13069624.40","22495598.40"
"75576","14420514.50","22493198.70"
"75686","15807751.05","22486916.86"
"76473","15950538.60","22485306.48"
"75666","14717761.45","22481411.27"
"75921","13648124.40","22479324.80"
"76311","15973077.45","22477504.14"
"75690","14543983.60","22466459.10"
"75762","14620178.43","22465460.00"
"75048","15008946.03","22442583.32"
"75636","14105643.24","22435480.08"
"76338","13845966.03","22432512.02"
"75351","15186720.00","22427075.44"
"76475","14485938.18","22425544.40"
"75243","15220530.78","22343317.58"
"75395","14573817.30","22333212.30"
"75878","14803221.58","22310123.76"
"75165","14395843.78","22302156.24"
"75012","15118062.05","22277660.76"
"76264","15780152.31","22265978.82"
"76219","15253625.45","22258102.38"
"75187","15770807.91","22241201.07"
"75108","15346222.66","22236651.52"
"76341","15010450.29","22227091.48"
"75672","15220803.80","22220965.08"
"75544","14439379.87","22201765.08"
"76023","14390190.39","22195667.91"
"76214","15536359.28","22185021.69"
"76210","15465958.20","22174399.48"
"76371","14293288.58","22151957.83"
"75303","14065763.91","22146549.84"
"76027","14331573.00","22131690.04"
"76374","17188636.76","22122317.20"
"76140","15807760.76","22071508.50"
"76480","14894654.94","22063283.20"
"75706","14600278.94","22056350.80"
"75964","12775252.73","22037460.21"
"76038","15050383.44","22025459.94"
"76077","15391331.41","22015191.33"
"75164","14464839.36","22003288.32"
"75710","14066001.03","22002372.14"
"76325","16954205.84","21976858.20"
"76183","14544042.10","21970792.00"
"76225","13698145.18","21958276.80"
"76402","14291430.56","21941959.71"
"76422","14416076.61","21932722.86"
"75780","13559765.55","21932612.80"
"75020","14453151.68","21932377.52"
"75276","15487668.80","21929767.97"
"76357","14466622.95","21927880.07"
"75362","14541531.02","21908878.88"
"75640","14470279.04","21906337.44"
"76376","13803381.20","21901963.57"
"75842","12379337.60","21872708.55"
"75380","13592210.94","21829650.48"
"75175","15123408.65","21808308.01"
"75191","15466073.76","21784819.00"
"76209","13651344.58","21776550.90"
"76484","14759087.97","21765870.72"
"75363","14890817.76","21748855.69"
"75484","14031100.65","21741010.20"
"75775","14094636.85","21732670.72"
"76487","14644833.90","21721755.30"
"76130","14182389.26","21659088.90"
"75007","15322826.12","21629162.97"
"75500","14598499.76","21609158.10"
"76449","14543705.70","21593150.00"
"75575","15428840.00","21590225.67"
"76490","14391204.82","21577038.12"
"75473","13914180.37","21568341.76"
"75412","14170133.50","21564029.76"
"75101","15993114.95","21562572.80"
"75928","15292644.12","21561794.28"
"75203","14932318.22","21556526.40"
"75141","14081202.11","21546398.41"
"75398","13542218.91","21539675.88"
"75805","14508607.05","21538357.20"
"75447","14279941.08","21532254.81"
"76072","14986428.57","21531199.90"
"75059","13684509.63","21531061.65"
"76042","13876754.03","21523389.93"
"75593","14899820.52","21521789.37"
"76396","13174857.30","21515313.56"
"75973","14980987.54","21507006.90"
"76329","14856739.28","21503622.00"
"75279","14379339.23","21495319.23"
"75875","13203666.00","21458328.64"
"76116","15750415.18","21449598.70"
"75864","13768521.30","21441303.00"
"76044","13417013.76","21423126.24"
"75675","13670826.42","21411902.90"
"75834","13352022.72","21411570.42"
"75087","14262858.68","21403869.06"
"75159","13818703.22","21396237.06"
"75506","14750329.77","21382373.61"
"75784","13202577.17","21370392.81"
"75598","14398535.58","21357284.15"
"76352","14531982.36","21354384.80"
"75639","13249748.44","21335571.25"
"76063","13130989.17","21333286.50"
"75583","13359499.80","21322236.78"
"76217","13879872.90","21301699.20"
"76047","15036102.64","21289968.00"
"75812","14057141.90","21278898.63"
"76343","13806825.28","21274846.08"
"75167","13924460.40","21259565.95"
"75016","13578821.58","21258283.17"
"76035","12903686.73","21242181.77"
"75197","13436358.84","21235534.70"
"75954","14275056.60","21232523.55"
"75360","14884820.16","21229723.18"
"75065","14840861.10","21216180.00"
"76383","13522787.95","21209858.88"
"76207","13723030.40","21206018.00"
"75558","14321178.90","21182283.20"
"75046","14531412.70","21177262.44"
"76050","13828114.41","21170774.88"
"75499","13587649.86","21165883.86"
"75079","12753415.29","21162320.52"
"75269","14539022.10","21159202.40"
"75628","13307345.68","21144518.08"
"75516","13464340.29","21132375.88"
"75465","14414946.84","21114482.34"
"75027","14470840.41","21109595.10"
"75714","14630285.60","21069215.16"
"76084","13516460.10","21061609.45"
"75413","14543444.59","21052818.24"
"75838","15035637.08","21049584.15"
"75912","14853556.00","21033556.42"
"75929","14702975.04","21033162.60"
"75215","12728102.08","21026195.75"
"76254","14713910.06","21022468.80"
"75962","13800933.54","21011468.82"
"76389","13060203.30","21010765.98"
"75297","15037705.82","20988019.08"
"75555","13760125.17","20987470.36"
"75083","13463515.50","20986203.81"
"75534","12021010.42","20976400.17"
"75737","15148528.96","20967116.00"
"75376","13305535.62","20957225.96"
"75643","16826184.86","20952658.35"
"76405","14124844.34","20945271.83"
"75274","13270168.51","20923113.78"
"75951","15413614.40","20915753.40"
"75093","13443395.66","20914937.48"
"75574","14537077.62","20896152.33"
"75150","15146545.05","20883073.75"
"75743","15761194.84","20881875.60"
"76455","13969224.40","20879521.76"
"76385","15090541.00","20874969.72"
"75249","15127060.62","20874626.01"
"75255","14717284.00","20872191.60"
"76215","14672957.20","20853607.74"
"75858","12968475.63","20846039.54"
"76213","14281008.30","20823280.32"
"75623","14346954.90","20802841.41"
"75071","14065232.28","20792428.65"
"75877","13645121.06","20781485.12"
"75979","13908177.57","20780935.60"
"76309","12650065.64","20763099.30"
"75291","13475925.00","20762366.70"
"76319","13892441.68","20747244.60"
"76408","13967331.48","20741931.60"
"75076","13453060.17","20729444.02"
"75777","12689439.54","20722112.00"
"76421","14708778.56","20720277.93"
"76323","14055603.87","20714250.96"
"75610","11946844.48","20709927.34"
"76263","13171048.18","20700677.91"
"75685","14820637.26","20698464.89"
"75771","15182483.16","20695984.00"
"75700","12933116.66","20680027.28"
"76470","14181813.20","20671537.60"
"76098","13758893.12","20670464.50"
"75028","13182534.06","20661483.39"
"75296","14048008.20","20649036.40"
"75507","15820533.72","20636591.15"
"76479","13966065.36","20630722.67"
"75193","12755009.56","20617036.80"
"75272","13812517.62","20616127.00"
"75823","14639270.00","20608289.40"
"75421","13632357.57","20599681.36"
"75058","15056189.46","20575441.28"
"75620","12916813.44","20571209.72"
"75681","14637437.17","20547098.22"
"75744","13570294.40","20542782.75"
"75788","14327545.95","20521197.06"
"75436","13253910.60","20515819.62"
"76440","12793399.01","20509991.33"
"75257","11989856.90","20508783.46"
"75382","12771290.80","20508291.92"
"75475","13028849.92","20507354.32"
"75123","13139399.70","20487552.84"
"75644","14718622.80","20483390.73"
"75103","13446039.16","20466557.38"
"76342","13911862.08","20461071.75"
"75356","15936281.16","20459869.58"
"76327","13968826.61","20457318.24"
"75803","14743608.32","20453059.06"
"75370","14099879.20","20419898.56"
"75611","13790511.22","20418873.60"
"76134","13948754.11","20412312.18"
"76272","13633028.64","20404299.96"
"75512","14571218.40","20396431.38"
"75965","15439279.44","20393870.70"
"76094","13754465.34","20388222.03"
"76310","14314719.36","20386385.43"
"75349","14352588.99","20381244.24"
"75998","12943600.45","20380206.74"
"75355","13082075.75","20350523.60"
"76258","12837520.44","20339483.70"
"75000","12985230.54","20329685.60"
"76160","14537047.84","20320258.00"
"75622","13835085.17","20315466.00"
"75030","15017205.91","20306527.88"
"75178","13145633.18","20303664.96"
"75730","12881554.72","20285732.48"
"75656","11988915.75","20254374.00"
"75162","11907462.00","20254341.60"
"75250","13215849.57","20251232.10"
"75651","14005253.14","20248778.55"
"76364","14046682.52","20235772.97"
"75368","12967170.54","20230714.50"
"75098","12820525.85","20224193.85"
"75800","12241016.64","20217051.20"
"75881","13432453.58","20212486.27"
"76350","14024885.44","20202738.48"
"75460","14353826.92","20200981.85"
"75260","13749749.16","20199799.71"
"76159","13729769.18","20179245.37"
"75432","13443534.93","20167910.10"
"75341","13560829.34","20167104.60"
"76161","14392653.34","20163425.86"
"75324","14469882.30","20158135.64"
"76229","12996560.50","20147850.66"
"76221","10674400.32","20146221.90"
"75305","12859554.23","20144751.38"
"76482","13540758.00","20113463.68"
"75354","13358356.48","20109749.22"
"75086","12943579.60","20109469.05"
"76071","14309901.90","20107168.00"
"76268","13301643.20","20095732.98"
"75778","14295133.74","20094629.68"
"75755","13753766.17","20084413.30"
"75344","12177358.70","20073865.11"
"76157","13382518.34","20072806.73"
"76446","13436007.12","20064759.04"
"75110","13339442.36","20026776.33"
"76147","12543881.56","20022918.15"
"76061","14681212.30","20020590.69"
"75698","14218841.34","20012561.10"
"75216","14470797.66","20009633.42"
"76332","13521299.68","19966262.82"
"75920","14332297.28","19946002.68"
"76244","13762458.06","19930759.56"
"76359","12453281.01","19916660.79"
"76126","13064533.98","19915433.65"
"75515","13873174.26","19908352.80"
"76432","13595599.04","19907075.59"
"75746","13913122.14","19903020.02"
"75478","13723764.60","19898443.74"
"76367","13727981.44","19884223.67"
"75100","13043800.12","19878600.72"
"75662","14946955.98","19877210.50"
"75125","13482945.84","19853292.00"
"75456","13520817.92","19848060.32"
"76284","13112617.92","19824269.84"
"75861","14093178.96","19823448.84"
"75521","13131828.85","19790015.29"
"75105","12346992.00","19784752.92"
"75935","13643570.08","19781823.36"
"76409","12701521.28","19766767.36"
"75532","13106764.00","19755000.16"
"75315","13141859.43","19747152.21"
"76170","12097762.20","19742984.00"
"75703","13556018.54","19738188.00"
"75936","14830047.72","19737237.66"
"75337","13826766.16","19728990.84"
"75080","11879290.59","19723572.05"
"76018","13155147.20","19712132.06"
"75218","12781812.96","19708619.20"
"75088","13190888.20","19697049.66"
"76014","12650219.68","19692713.87"
"75198","14301178.56","19688974.72"
"75688","12842157.65","19663664.65"
"76060","12396296.92","19659730.54"
"75417","13377768.69","19658725.35"
"75953","12559144.00","19652247.44"
"75055","12704081.88","19651869.00"
"75181","15055805.80","19639200.08"
"75397","12042292.64","19628698.32"
"76382","12565425.25","19628665.56"
"76294","13979703.34","19628349.05"
"76185","13983569.16","19582123.75"
"75177","13884872.64","19577682.34"
"76423","12841207.72","19569990.99"
"75609","14500510.36","19565199.59"
"75049","13654405.71","19557371.20"
"75635","12587409.94","19553251.48"
"75960","12847498.56","19551187.81"
"75845","13262825.80","19550540.60"
"75340","11795249.06","19548421.50"
"75851","14263956.21","19547185.78"
"75490","13118575.97","19532282.04"
"75808","12511837.20","19523077.20"
"75247","12618360.84","19520760.45"
"75786","12859688.37","19519694.10"
"76031","13086390.57","19514155.20"
"75939","13312406.52","19503199.50"
"75880","12310766.65","19497423.68"
"76121","13882415.91","19487828.62"
"76197","12664174.14","19457654.06"
"76184","13711506.99","19442660.10"
"76240","12598963.60","19435842.27"
"76105","12696008.64","19426803.52"
"75539","14317928.10","19424854.02"
"76226","11348324.66","19404557.37"
"75474","13212420.48","19399611.78"
"76333","12233119.01","19396482.48"
"75545","13592595.45","19385562.56"
"75587","13697493.30","19368824.70"
"76318","12769113.00","19368294.54"
"75852","15009928.08","19364994.00"
"75320","12378125.70","19363545.95"
"76415","13237465.50","19343580.25"
"75180","12807139.30","19332922.50"
"75940","13528106.54","19324773.16"
"75129","11848033.81","19320548.76"
"76448","13572883.52","19309069.85"
"76322","12204231.38","19305578.34"
"75537","14273081.10","19304143.64"
"76253","12170036.97","19286569.78"
"75556","11366370.72","19282483.92"
"76313","12948819.12","19275833.39"
"75826","11825940.24","19259860.48"
"76086","12762982.10","19257932.10"
"76003","12018983.76","19255573.12"
"76139","12911250.88","19250750.13"
"75937","11800892.70","19250729.96"
"76145","12499667.64","19239164.70"
"75238","13446060.98","19228247.70"
"75418","11373688.06","19224258.58"
"75275","12246035.90","19222505.00"
"76156","12753668.70","19220844.24"
"76299","13586820.80","19210863.56"
"75785","13448595.72","19201625.56"
"75729","13392792.30","19198886.71"
"76013","13314011.04","19196206.50"
"75176","13917106.24","19185354.08"
"75391","13496946.88","19184313.06"
"76476","14359846.00","19170952.08"
"76123","12079918.04","19166699.16"
"76461","13742890.86","19158099.39"
"75793","12412422.68","19157580.30"
"76495","13630908.48","19149645.90"
"76009","13238670.60","19147675.20"
"75166","12924501.48","19136722.10"
"75242","12472800.25","19125424.16"
"76054","13388339.83","19117995.84"
"75726","11723420.80","19111942.80"
"75192","12506652.16","19107831.77"
"75463","13293632.00","19100199.03"
"75327","12945399.30","19096802.10"
"75289","11906372.53","19094670.00"
"75862","12266901.48","19082010.01"
"75204","12736204.64","19077621.12"
"75138","13747245.93","19077571.10"
"75036","12980632.00","19074775.20"
"75767","12972248.40","19068939.75"
"75365","12202964.31","19062331.20"
"75565","12975793.07","19039997.85"
"75604","12832505.02","19028593.36"
"75815","12009123.90","19016911.28"
"75151","12932956.75","19008231.87"
"76436","13034980.80","18985294.97"
"75488","14803800.00","18977308.56"
"75850","13332954.60","18971698.56"
"75281","12667686.75","18966695.76"
"75041","13319117.45","18965055.50"
"75182","12708346.88","18961849.28"
"75526","12611636.80","18952341.80"
"75450","12910706.33","18935023.64"
"76005","12089668.16","18928174.65"
"76176","12646636.24","18923567.49"
"76315","13148609.25","18912079.36"
"75284","13254758.70","18911461.09"
"75564","13318524.05","18905043.82"
"75319","12320922.25","18903953.70"
"76117","12741117.22","18900266.70"
"75126","12589035.84","18897157.44"
"75343","11456127.60","18892034.04"
"75853","11816892.79","18868827.97"
"75493","13779838.08","18859693.38"
"76366","12266582.16","18856194.24"
"75617","12998398.56","18855752.78"
"76143","12620602.20","18849862.85"
"76305","12804138.60","18849171.18"
"75657","12871754.80","18845479.80"
"76074","12855995.74","18825071.04"
"76152","12224093.84","18821239.92"
"76075","11756169.68","18821138.16"
"75385","12626493.00","18815218.52"
"75378","12799489.50","18814397.76"
"75089","13147232.96","18809844.48"
"75634","12620172.00","18808988.90"
"76205","11870417.16","18805997.28"
"75014","12047100.03","18789152.40"
"75405","12645528.60","18787957.54"
"76166","10990594.08","18777845.58"
"75287","12719604.42","18758439.54"
"76335","11627897.05","18752906.90"
"76471","12010092.60","18739687.23"
"75986","12829999.20","18722144.30"
"75142","11387826.56","18706780.12"
"75062","13399785.00","18645088.88"
"75043","11391236.83","18637465.77"
"75847","12510715.84","18605892.36"
"75809","11886474.80","18601215.09"
"75554","11028483.66","18590998.04"
"75596","11419739.91","18561422.88"
"75508","13236487.50","18548973.02"
"76011","12329855.85","18541861.20"
"76433","13132451.10","18539474.45"
"75090","12999002.24","18532278.57"
"75068","11444536.96","18526056.66"
"75461","12819712.72","18521731.54"
"75121","11718944.49","18511487.40"
"76067","13620777.00","18509061.90"
"75719","11972187.84","18501941.70"
"75235","12485677.80","18500733.14"
"75226","12765134.16","18496500.84"
"76469","11308515.30","18491912.28"
"76138","12002099.40","18469352.84"
"75136","11603816.64","18468499.84"
"75171","12763550.10","18461515.45"
"75573","12805980.48","18460635.84"
"76399","11475496.55","18457318.32"
"75603","11235905.34","18454285.12"
"76380","12860437.42","18452330.16"
"75519","13372167.20","18451806.76"
"75383","12388000.50","18437724.56"
"75505","11486441.28","18430393.42"
"75789","11924006.47","18423551.41"
"75134","13447026.94","18419288.22"
"75765","12266967.34","18418553.16"
"75115","12612574.80","18416449.42"
"76212","12525926.08","18415816.65"
"75722","12859292.66","18401290.50"
"75599","11405799.72","18367529.04"
"75116","10671854.33","18353462.72"
"75952","11644311.04","18352273.50"
"76362","12242675.20","18346243.50"
"75668","13817751.84","18345530.02"
"76092","11863655.10","18342439.36"
"75578","14327602.38","18338867.64"
"75384","13382833.92","18338735.61"
"76346","13148805.96","18338150.32"
"75991","13457291.60","18337047.03"
"75179","12582015.00","18334148.04"
"75006","13182396.48","18319381.80"
"76388","10892991.66","18314285.76"
"75741","13065371.19","18287520.00"
"75127","13265585.10","18277633.11"
"75642","10908183.83","18262440.00"
"76065","12298089.30","18236850.06"
"76125","9833943.36","18236708.10"
"75897","10042652.34","18219526.82"
"75268","13038429.69","18218684.22"
"76468","12720509.42","18214814.46"
"75045","12275795.09","18204302.72"
"75504","12805132.08","18194559.39"
"76307","11036421.25","18191048.02"
"76345","11999204.72","18186836.48"
"76438","12379640.00","18184562.42"
"75723","11288500.80","18184032.48"
"75865","10744304.76","18180111.84"
"75301","12407048.72","18163544.36"
"75225","11579095.50","18158261.44"
"75990","10979527.68","18155381.56"
"75455","12500909.36","18148641.00"
"75795","12212983.82","18122118.72"
"75540","12363914.16","18118285.08"
"76090","11080792.14","18113902.86"
"75357","13534519.71","18095691.38"
"75379","12914623.54","18083216.76"
"76486","11388537.89","18060276.05"
"76269","11392749.22","18049631.00"
"75336","12350401.92","18019924.59"
"75154","12166519.04","18002968.92"
"75814","12526505.42","17998761.26"
"76236","11701696.05","17982853.98"
"76267","12623501.88","17971652.93"
"76015","12139705.71","17966031.60"
"75348","12839865.28","17959025.04"
"76275","11783146.44","17950342.32"
"75282","12397987.44","17937402.56"
"75872","12464129.32","17933386.23"
"75971","11918452.35","17923632.90"
"75569","10900317.34","17916858.54"
"76103","11438651.00","17913202.23"
"76049","12525583.60","17908219.25"
"75945","13916880.45","17900297.25"
"75160","11294680.95","17885403.48"
"75253","12771722.86","17881450.00"
"76324","13236061.01","17874791.78"
"75888","11178731.21","17869160.40"
"75480","13838204.10","17855025.25"
"76304","13091515.14","17850534.14"
"75112","11875278.00","17847269.66"
"76485","11390504.32","17832872.40"
"75796","13398800.98","17819290.28"
"75898","11557864.00","17817523.50"
"75485","12954139.11","17813495.92"
"75386","11755013.69","17802152.69"
"75377","12698736.40","17801876.40"
"75828","11905374.04","17798294.40"
"76223","10910065.76","17776424.53"
"75073","12867417.45","17773067.20"
"75429","12092883.88","17768239.52"
"76052","11212127.85","17764502.04"
"75756","11151306.95","17754514.74"
"75229","12259923.84","17748361.92"
"75529","13074254.08","17744512.96"
"75358","11249939.54","17730282.18"
"75713","11512824.30","17730175.98"
"75135","10550012.58","17727770.95"
"75411","12511566.86","17724315.60"
"76356","13072510.80","17719059.45"
"76081","11386210.11","17717155.96"
"75310","11535821.92","17707539.32"
"76401","11221898.40","17702702.25"
"75944","13618329.90","17697379.32"
"75863","11913597.92","17684858.26"
"76447","11635144.44","17683882.42"
"75759","12508832.97","17673122.88"
"76193","11182125.44","17672236.20"
"75153","11377820.80","17664842.79"
"75699","12982545.72","17660917.50"
"75332","11272501.80","17625899.55"
"75832","12216934.15","17614748.76"
"76174","11698395.60","17607204.80"
"75369","10384654.04","17577459.00"
"76241","11271563.68","17573191.65"
"75290","11995894.66","17569090.00"
"76390","13283058.60","17560734.30"
"76195","12615619.17","17557907.10"
"75833","12154706.61","17546144.96"
"76259","12868150.40","17538103.38"
"76387","11758352.10","17535420.14"
"75868","12972523.20","17528877.76"
"76025","12619873.70","17513564.80"
"75801","11674350.10","17504405.80"
"75265","12195469.11","17489731.28"
"75131","12176902.08","17482441.92"
"75069","11764973.76","17481132.43"
"76365","11059942.25","17467418.08"
"76496","10481266.36","17457621.39"
"75873","11096786.91","17450212.20"
"76393","11986644.60","17447334.80"
"75542","10920210.78","17444057.96"
"76110","12427581.04","17432415.40"
"75725","10499384.11","17432350.66"
"75849","12189749.55","17424021.90"
"76200","10444569.20","17423416.08"
"75669","11472661.48","17418618.54"
"75402","11016734.94","17410636.80"
"75157","11921060.23","17404983.30"
"76024","11510535.14","17404643.72"
"75077","11141074.71","17362082.56"
"75693","11377073.88","17361591.82"
"76386","12395518.25","17357884.32"
"76434","11889199.92","17355505.25"
"75566","11939311.14","17354619.60"
"76057","10501030.50","17352849.36"
"75613","10493322.84","17336435.40"
"75824","12574803.97","17323063.92"
"75836","11828682.65","17313883.60"
"75501","11708580.45","17287990.44"
"75663","10450338.88","17279487.02"
"75974","12260283.36","17264474.17"
"75102","11465238.26","17262729.66"
"75641","11972607.36","17262387.72"
"76458","10333845.21","17249750.70"
"76189","12136426.56","17247548.64"
"75533","10950962.86","17241676.80"
"75989","11838578.73","17241135.30"
"76169","11421274.68","17221932.50"
"75835","11920858.60","17218567.98"
"75445","10583992.65","17196406.11"
"75525","12442156.80","17186463.24"
"75779","11115127.80","17185580.73"
"75338","11743072.64","17185378.50"
"76435","11248221.25","17184644.91"
"75245","10337989.20","17183754.00"
"76314","11288010.69","17180325.68"
"75366","11081640.50","17177187.72"
"76179","11062045.50","17173650.88"
"75531","12126686.92","17172166.18"
"75958","13024901.75","17153969.97"
"75241","12284609.75","17141284.33"
"75502","11478835.31","17117066.95"
"75442","12906624.36","17112037.64"
"76039","10951508.07","17111713.12"
"75414","11042186.10","17109195.04"
"76146","10873494.58","17106059.16"
"75923","12462626.24","17095257.00"
"75091","10659766.93","17093792.06"
"75266","10545767.00","17093041.00"
"75111","10961989.35","17092435.05"
"75251","11357745.59","17090380.80"
"75170","10755959.66","17088849.12"
"76104","10894909.20","17069945.13"
"75563","10805451.76","17062893.27"
"75092","11337812.64","17061205.78"
"75222","11341888.30","17055776.38"
"75352","12897336.51","17055091.03"
"75042","9967703.68","17045575.68"
"75702","12824581.38","17042647.83"
"76100","9829347.58","17037434.34"
"75950","12045167.91","17032245.89"
"75479","13255114.32","17010912.80"
"75612","10610510.72","16996145.28"
"75457","11374745.22","16993128.26"
"76477","10790232.00","16974886.52"
"75825","10742640.81","16953211.44"
"75614","13081089.77","16939407.31"
"75817","10662053.82","16932443.15"
"76237","11265522.66","16903633.46"
"76320","11408252.03","16903559.72"
"76194","11433796.34","16899512.67"
"75161","11010502.20","16896816.72"
"75035","11188161.33","16882622.94"
"75633","10508308.65","16860274.60"
"75724","11278500.22","16851825.01"
"75601","11366250.60","16843665.90"
"76445","11789324.16","16823666.83"
"75256","10361513.52","16822677.04"
"75261","10376764.70","16805738.25"
"76136","11011789.60","16803282.50"
"76062","9184862.52","16799145.36"
"75205","10401473.16","16785301.25"
"75240","9959791.20","16775634.64"
"76278","10677678.96","16762459.56"
"75133","10092311.70","16761401.40"
"75487","10899487.75","16760900.10"
"75221","10317665.82","16747027.08"
"75173","11331621.24","16738593.04"
"75848","12146250.90","16724034.32"
"75302","10808544.30","16709200.96"
"75740","12072857.72","16705296.72"
"75424","11431306.32","16703879.38"
"75749","11644698.24","16688679.77"
"75477","11462835.45","16687495.60"
"75541","11472334.30","16686205.39"
"75210","9899412.16","16671240.60"
"76010","11011842.93","16667216.11"
"75764","11266880.45","16651823.13"
"75195","11442538.14","16645448.96"
"75394","10714747.62","16633236.23"
"75464","10094068.41","16623191.21"
"75443","11759321.07","16623119.68"
"75074","9995522.32","16618691.10"
"76456","10217611.35","16609096.64"
"76108","10578841.38","16600784.64"
"76141","10636564.20","16596354.90"
"76238","11527847.40","16563028.13"
"75782","12192766.08","16540058.46"
"75674","12038778.56","16528506.30"
"75168","10900610.00","16527925.70"
"76037","10729745.73","16527704.36"
"76006","10689740.00","16522802.80"
"75372","11423485.70","16517023.36"
"76224","10112350.50","16515808.68"
"75975","11978224.96","16491916.39"
"75426","11716401.60","16484972.28"
"75314","11538866.55","16484317.74"
"76142","11507300.70","16478694.54"
"75993","10137320.10","16476899.28"
"75431","10308957.48","16473926.37"
"75750","12705602.10","16455788.86"
"76102","11395308.48","16449597.92"
"75839","10594521.86","16448443.76"
"75589","11756706.12","16442299.44"
"75560","11677446.81","16435146.35"
"75044","11442498.08","16423597.08"
"75996","10999857.36","16420199.76"
"76437","11374600.31","16419071.28"
"75528","12020567.44","16415533.20"
"75458","10577838.16","16404433.50"
"76016","11040707.60","16392048.00"
"75794","11161209.85","16374092.54"
"76358","11753929.68","16373156.91"
"75949","11912452.53","16363262.76"
"76007","10237714.55","16358094.00"
"75584","10721575.79","16343213.44"
"75586","10569795.04","16319701.86"
"76178","11103599.10","16314403.80"
"75113","10156567.80","16309504.01"
"76296","10123242.30","16302776.88"
"75653","10384426.52","16302607.86"
"76187","12424068.71","16296150.09"
"76091","11453457.75","16288305.32"
"75822","10908828.84","16287892.83"
"76256","10465698.93","16276607.35"
"76291","9478169.36","16276571.15"
"75471","12090393.48","16272193.80"
"76392","11867128.32","16268714.00"
"75021","9088755.55","16260045.84"
"75829","11115108.48","16257885.00"
"76055","11692420.80","16252334.35"
"76190","12491794.00","16252162.68"
"75326","10880293.55","16232297.67"
"75742","11487871.44","16230709.44"
"75843","10738904.25","16222907.75"
"76247","10337726.18","16209655.02"
"76021","10646196.48","16208506.01"
"75909","10093056.57","16207981.44"
"75513","9107400.90","16197010.50"
"76158","10800670.80","16184876.21"
"75095","10885404.98","16181348.82"
"75393","10197923.00","16181005.96"
"76431","10216632.60","16176620.00"
"76211","10413175.08","16176163.64"
"75665","9836400.50","16175748.60"
"76330","9765786.34","16163165.72"
"75600","12430330.20","16159911.00"
"75486","10339884.16","16147591.32"
"75972","10610328.60","16141999.72"
"75468","10873544.32","16137688.56"
"75199","11168688.99","16127011.07"
"75099","9981173.54","16106443.98"
"75155","11964617.08","16104775.03"
"76404","9395165.92","16102777.50"
"76293","11974043.73","16099551.84"
"75066","10316179.69","16093341.04"
"75224","10174218.57","16076272.64"
"75977","10830307.60","16068979.52"
"76459","11237823.90","16064752.82"
"75751","11989744.20","16057327.30"
"75594","9362230.29","16056474.00"
"76439","10918799.85","16049736.64"
"76483","11226314.99","16046585.28"
"75403","10586207.96","16046136.30"
"75721","11429677.50","16038207.90"
"75214","9959393.85","16034924.36"
"75557","11135683.44","16034126.13"
"75831","9777569.72","16029412.36"
"75955","9547003.60","16023199.28"
"75063","11063687.25","16018490.54"
"76164","10862683.50","16016834.56"
"75223","10508660.25","16004192.49"
"75196","10796998.12","16001779.50"
"76279","11184899.95","15999812.55"
"76285","10580027.04","15996846.06"
"75904","11369072.52","15996577.04"
"75037","10142141.45","15990282.96"
"75907","10419396.26","15989247.27"
"75727","10277743.28","15988461.72"
"75997","10672978.42","15968843.80"
"75731","10631442.32","15963573.08"
"76085","10146967.60","15954732.60"
"75807","11192627.04","15943811.20"
"76093","10255722.24","15943684.26"
"75538","10556431.90","15937659.36"
"75208","10694235.17","15928127.70"
"75626","11337277.56","15910166.91"
"75605","11735732.32","15894012.30"
"75462","9845552.64","15874152.93"
"75652","10652210.24","15854501.25"
"75562","12766465.80","15852082.29"
"75918","9020600.64","15849872.32"
"76420","9921980.90","15846013.40"
"76400","10583292.50","15844533.95"
"75987","10496756.20","15842787.46"
"75891","12153148.92","15833847.25"
"76087","10884634.20","15824552.58"
"76048","9859573.62","15819674.48"
"76096","9462986.78","15816763.20"
"75760","10253899.04","15814907.10"
"76474","9698739.60","15796787.40"
"75627","11194725.60","15791017.44"
"75234","11148915.00","15777120.71"
"76051","9769778.28","15776698.50"
"75969","10766892.64","15774682.20"
"76026","9700158.52","15750446.92"
"75802","11623326.75","15738580.52"
"75206","12270751.02","15731594.64"
"75050","10543046.16","15703212.55"
"75963","10497918.80","15665109.46"
"75995","9819468.40","15639645.12"
"75588","9732988.80","15630616.98"
"76413","10176225.18","15625831.78"
"76280","10307360.58","15620776.08"
"75632","8952247.68","15620363.63"
"75745","9905196.56","15618296.96"
"75630","10042443.84","15578712.18"
"75660","11173993.77","15570235.46"
"76497","9085878.34","15567732.36"
"75870","10725067.98","15556281.52"
"76001","10650941.91","15549856.64"
"75147","11097042.88","15549715.72"
"75933","10397544.50","15547722.00"
"75367","11049256.00","15544505.47"
"76165","10320604.80","15514960.85"
"76036","10467954.25","15510668.60"
"75883","10285849.92","15509736.90"
"75017","10308281.60","15505075.08"
"76407","9919950.83","15487624.88"
"75244","11193286.17","15474048.20"
"75715","10535020.08","15458390.40"
"75015","11479419.38","15455197.80"
"76489","11691645.60","15454726.05"
"75106","10505669.20","15448632.85"
"75887","9386599.32","15444822.30"
"76239","10607916.20","15408589.06"
"76058","10507034.28","15405411.06"
"75321","11184355.77","15400288.12"
"75571","10481986.56","15387601.86"
"75752","9968456.32","15376600.98"
"75551","9013692.13","15373059.66"
"76196","10577697.28","15347701.53"
"75934","10490350.67","15320906.49"
"76326","9235044.64","15222775.00"
"75317","9848615.28","15210198.08"
"75024","10226127.90","15208839.63"
"75288","11193236.86","15188664.96"
"76317","10651119.15","15186306.75"
"75629","9669123.09","15179945.50"
"76481","9337591.10","15177859.05"
"75747","9885831.00","15173067.84"
"76492","9429158.60","15141869.46"
"76000","10694468.48","15136963.92"
"75625","9872948.54","15132225.92"
"76245","10020637.09","15119629.56"
"76368","8716715.56","15115053.17"
"76101","10442449.92","15112517.10"
"75466","9827238.05","15109453.94"
"75655","10109381.45","15093699.00"
"75739","8951208.25","15084369.36"
"75855","9545331.90","15059234.56"
"76171","9872219.79","15043583.59"
"75188","10313918.52","15025625.28"
"75064","10498765.82","15017384.50"
"75439","10025627.10","15016830.92"
"75917","9440299.44","15003746.42"
"75581","10606628.80","14973950.88"
"76124","9928574.70","14968557.52"
"75860","9888808.25","14966584.86"
"75992","9473849.70","14957060.13"
"75582","10802017.71","14925060.54"
"75820","10007158.46","14921807.04"
"75263","10315876.41","14907928.00"
"75169","10338708.35","14900009.50"
"75885","10066971.60","14875546.56"
"76182","9732156.75","14867137.28"
"75345","8922230.80","14864690.16"
"75292","10539835.20","14862524.88"
"75866","9905928.20","14845624.08"
"76233","8175649.55","14840557.16"
"75056","9464915.60","14816962.17"
"75361","9760290.40","14807402.68"
"75961","10043394.56","14799734.37"
"75792","9631667.76","14779942.80"
"75120","10806189.12","14761805.76"
"75407","10518387.62","14756564.46"
"75549","9492946.42","14742777.56"
"76252","8932695.12","14738247.68"
"75273","10026571.94","14721980.85"
"75026","10336531.80","14720102.75"
"76270","10224069.90","14699988.54"
"75514","9876149.66","14697939.84"
"76056","10611110.90","14695212.56"
"76442","11667690.25","14680550.88"
"76414","9951289.75","14660962.14"
"75469","8782787.76","14640505.11"
"75013","10221390.00","14621104.96"
"75396","9981899.10","14610450.40"
"75201","9496086.38","14594259.48"
"75902","9534276.60","14592642.75"
"76129","10939363.00","14579938.45"
"76281","9231575.76","14575022.62"
"75061","10099713.78","14566892.67"
"75637","10044213.22","14558676.60"
"75430","9712224.81","14548078.20"
"75307","9835122.92","14545023.30"
"76394","7780500.00","14534618.62"
"75783","8805967.10","14503463.04"
"75893","9397693.16","14495231.76"
"76465","8712370.24","14493060.66"
"76498","10503360.48","14473892.97"
"75942","10077352.90","14471468.70"
"76273","9495769.65","14470770.34"
"75189","10165635.54","14468596.23"
"76255","10251096.52","14464992.08"
"75117","9788427.36","14426211.80"
"76373","9187905.60","14419690.84"
"75470","9927319.36","14393834.00"
"75988","8756969.28","14365177.06"
"75434","10063418.31","14354265.75"
"75416","10231106.24","14352586.80"
"76080","10129315.17","14319389.84"
"75406","10308548.40","14316896.88"
"75924","9323390.92","14310835.22"
"75718","8925605.56","14294205.75"
"75527","9487832.25","14284251.20"
"76017","9113852.75","14277200.13"
"75114","8703787.20","14268055.56"
"76321","10611751.32","14255088.81"
"76288","9193230.76","14252184.90"
"76351","9082697.40","14220267.36"
"75705","9509517.00","14208327.34"
"76428","8859333.96","14208232.36"
"76154","9886330.84","14187309.76"
"75040","9393832.50","14176070.74"
"76155","9242127.30","14151301.75"
"76083","9489799.00","14145786.60"
"75156","10235302.22","14119701.05"
"75738","9816410.79","14119416.30"
"75280","10415898.60","14117961.48"
"76427","8426880.90","14093230.06"
"75994","9966962.75","14089104.00"
"75844","9020533.50","14074071.50"
"75438","9588696.30","14073655.68"
"75390","10283475.75","14028411.25"
"76289","10408590.06","13988642.25"
"75774","8301941.70","13985948.70"
"75957","9017747.55","13973454.88"
"76153","9052558.84","13948644.92"
"75673","9630881.70","13939021.68"
"75947","8019682.16","13911211.75"
"75440","8991378.76","13897486.93"
"76122","8299567.38","13876873.64"
"75373","8637754.98","13869335.26"
"75300","9933632.75","13838347.14"
"75735","10197540.82","13819353.84"
"75304","9140282.34","13814031.36"
"75119","9952520.48","13808813.70"
"76265","8747185.68","13783797.75"
"75818","8986555.60","13771635.69"
"76463","9981628.00","13730264.08"
"76286","9094771.32","13702063.92"
"75278","10155223.19","13668662.28"
"76466","7783564.50","13638147.36"
"75051","8886304.32","13625372.64"
"75423","9862472.25","13607603.70"
"76266","9829092.80","13575561.48"
"75047","9741089.75","13561148.37"
"76453","9703454.67","13552671.30"
"75535","9516427.43","13511257.20"
"75597","9748921.59","13500984.15"
"76339","8911919.97","13500912.88"
"75616","7817735.45","13477348.40"
"76206","7567967.32","13460301.76"
"75010","9605425.76","13458055.52"
"76113","8829510.72","13426697.52"
"75104","8740938.56","13399208.64"
"75687","8760451.70","13395035.36"
"75350","9031345.92","13390841.04"
"75330","8523484.80","13338951.60"
"76336","8336872.75","13331494.59"
"75227","9450606.68","13316949.00"
"75770","8891212.96","13315462.02"
"76429","8094153.28","13298442.68"
"76478","8795003.52","13282560.90"
"75202","8970946.78","13276965.36"
"76120","9259578.44","13275746.12"
"75140","9771193.88","13268364.03"
"76260","9364819.10","13228938.70"
"75190","8443438.46","13200766.58"
"75679","9402149.75","13161177.10"
"76235","8212799.49","13147676.48"
"75670","9233739.60","13146948.75"
"75400","8950994.13","13075173.80"
"75449","9003471.40","13067517.85"
"76208","8206029.92","13062521.15"
"75211","9052930.60","13047612.74"
"76008","8403718.61","13025380.16"
"75347","8803520.70","13000611.51"
"75798","9409471.36","12999079.25"
"75094","8280811.71","12990876.00"
"75567","8574530.56","12975994.25"
"75684","8815706.82","12968504.49"
"75559","8783375.68","12932331.90"
"75492","8332697.10","12932207.12"
"75172","9614154.24","12885488.88"
"76355","9133662.72","12875905.84"
"75711","10270597.92","12784064.25"
"76068","8028705.50","12753828.00"
"76287","9562148.83","12735139.41"
"76297","9463829.28","12705598.93"
"75748","8306677.96","12677025.50"
"75057","9612407.40","12647573.76"
"75692","8072017.28","12640453.14"
"75840","8476555.88","12632640.39"
"75790","8691423.66","12624306.76"
"75869","8678609.31","12608456.75"
"76148","8792129.27","12563759.67"
"75720","8381783.52","12545271.48"
"75081","8647322.88","12519436.71"
"75810","8078467.25","12430988.08"
"75930","8453613.89","12421350.76"
"75943","8106870.46","12370658.25"
"75595","9278611.50","12331615.20"
"75132","9342208.98","12292360.64"
"75220","8915032.20","12291574.32"
"75446","9038884.40","12264529.50"
"75761","7948968.06","12233477.76"
"75420","8530619.50","12152568.90"
"75867","8062617.60","12122162.42"
"75067","7264676.40","12073017.00"
"76198","7904554.80","12046626.97"
"75496","7249104.35","12045266.80"
"75763","7984554.19","12028128.60"
"75607","8399880.50","11998419.42"
"75295","9574049.25","11991185.64"
"76168","7784705.40","11987181.86"
"76418","8442921.24","11970887.49"
"75299","7452203.52","11950023.60"
"76002","8309099.75","11916390.17"
"76004","8101581.81","11892952.56"
"76230","8052658.88","11876018.72"
"76175","8407092.87","11868464.16"
"75615","7739726.40","11864013.64"
"76348","8734513.41","11784093.30"
"75085","8243090.01","11762102.82"
"75547","7631687.96","11690880.75"
"76331","8401322.33","11658427.00"
"75032","7987738.44","11596814.08"
"75495","8252744.76","11585176.93"
"76391","7694426.00","11584281.06"
"75772","7547245.20","11560263.60"
"75976","8268300.82","11512083.70"
"75308","7667652.48","11496642.93"
"75437","8138466.96","11396532.50"
"75409","7653690.20","11325020.00"
"75813","6955961.30","11263787.08"
"75982","7635338.88","11236830.57"
"75903","7597457.92","11232579.12"
"75334","7273245.56","11223888.28"
"75387","8840927.92","11157490.24"
"76411","8451990.96","11143163.08"
"75618","7300667.04","11102871.26"
"75890","6833718.06","11011301.52"
"75968","6774061.80","10965648.89"
"75053","8218128.36","10828852.50"
"76499","6955368.63","10819974.27"
"75312","7227536.40","10633088.37"
"75217","7461043.98","10622948.13"
"76302","6463665.72","10399134.00"
"75797","7738433.08","10157235.40"
"75876","7324575.05","10142810.02"
"75697","6073949.50","10116084.72"
"75498","7058156.82","10012399.05"
"76248","6649107.72","9897942.82"
"75886","7054393.15","9859618.51"
"75230","6369947.40","9813189.88"
"75252","6509057.58","9693011.52"
"75183","6589196.67","9230815.62"
"75329","6845390.00","9156526.11"
"76349","5590991.91","9025508.66"
"75371","5913893.60","8929249.00"
"75503","6324421.51","8764736.22"
"76361","4956745.20","8409411.12"
"75075","5592250.36","8364907.98"
"75494","5385679.04","8302692.30"
"75122","5650367.55","8301447.66"
